{
	"pattrstorage" : 	{
		"name" : "norder",
		"slots" : 		{
			"1" : 			{
				"id" : 1,
				"data" : 				{
					"button" : [ 0.0 ],
					"button[1]" : [ 0.0 ],
					"js" : [  ],
					"live.step[1]" : [ 2, 4, 7, 16, 11, 1, 12, 0, 4, 118.073282442748038, 126.273282442748268, 0, 0, 119, 74, 4, 76, 42, 119, 74, 4, 0, 30, 119, 74, 4, 76, 5, 120, 74, 4, 39, -6, 60, 62, 63, 67, 70, 74, 79, 1, 12, 0, 16, 52.0, 65.0, 0, 0, 57, 0, 4, 0, 42, 57, 27, 4, 18, 30, 59, 25, 4, 18, 5, 55, 31, 4, 27, -6, 59, 66, 4, 48, -16, 57, 43, 4, 0, -62, 52, 37, 4, 0, 10, 52, 0, 4, 0, 77, 59, 70, 4, 42, 11, 59, 0, 4, 0, 13, 57, 47, 4, 42, -18, 62, 25, 4, 63, 33, 55, 0, 4, 0, 11, 55, 53, 4, 44, -3, 55, 0, 4, 0, 6, 64, 51, 4, 37, 14, 48, 50, 51, 53, 57, 59, 60, 62, 64, 68, 70 ],
					"live.step[2]" : [ 2, 24, 7, 16, 11, 1, 12, 0, 24, 109.999999999999773, 125.400000000001, 0, 0, 119, 74, 4, 76, 42, 121, 74, 4, 0, 30, 123, 74, 4, 76, 5, 124, 74, 4, 39, -6, 119, 74, 4, 82, -16, 121, 74, 4, 75, -62, 123, 74, 4, 47, 10, 124, 74, 4, 58, 77, 119, 74, 4, 36, 11, 121, 74, 4, 79, 13, 123, 74, 4, 66, -18, 124, 74, 4, 48, 33, 119, 74, 4, 34, 11, 121, 74, 4, 33, -3, 123, 74, 4, 33, 6, 124, 74, 4, 32, 14, 119, 74, 4, 89, -9, 121, 74, 4, 34, 57, 123, 74, 4, 55, -52, 124, 74, 4, 91, -72, 119, 74, 4, 24, 23, 121, 74, 4, 71, 26, 123, 74, 4, 60, -43, 124, 74, 4, 42, -95, 60, 62, 63, 67, 70, 74, 79, 1, 12, 0, 16, 52.0, 65.0, 0, 0, 57, 0, 4, 0, 42, 57, 27, 4, 18, 30, 59, 25, 4, 18, 5, 55, 31, 4, 27, -6, 59, 66, 4, 48, -16, 57, 43, 4, 0, -62, 52, 37, 4, 0, 10, 52, 0, 4, 0, 77, 59, 70, 4, 42, 11, 59, 0, 4, 0, 13, 57, 47, 4, 42, -18, 62, 25, 4, 63, 33, 55, 0, 4, 0, 11, 55, 53, 4, 44, -3, 55, 0, 4, 0, 6, 64, 51, 4, 37, 14, 48, 50, 51, 53, 57, 59, 60, 62, 64, 68, 70 ],
					"number" : [ 24 ],
					"number[1]" : [ 1 ],
					"number[2]" : [ 4 ],
					"number[4]" : [ 4 ],
					"umenu" : [ 1 ],
					"umenu[1]" : [ 0 ]
				}

			}
,
			"2" : 			{
				"id" : 2,
				"data" : 				{
					"button" : [ 0.0 ],
					"button[1]" : [ 0.0 ],
					"js" : [  ],
					"live.step[1]" : [ 2, 4, 7, 16, 11, 1, 12, 0, 4, 118.073282442748038, 126.273282442748268, 0, 0, 119, 74, 4, 76, 42, 122, 74, 4, 0, 30, 119, 74, 4, 76, 5, 120, 74, 4, 39, -6, 60, 62, 63, 67, 70, 74, 79, 1, 12, 0, 16, 52.0, 65.0, 0, 0, 57, 0, 4, 0, 42, 57, 27, 4, 18, 30, 59, 25, 4, 18, 5, 55, 31, 4, 27, -6, 59, 66, 4, 48, -16, 57, 43, 4, 0, -62, 52, 37, 4, 0, 10, 52, 0, 4, 0, 77, 59, 70, 4, 42, 11, 59, 0, 4, 0, 13, 57, 47, 4, 42, -18, 62, 25, 4, 63, 33, 55, 0, 4, 0, 11, 55, 53, 4, 44, -3, 55, 0, 4, 0, 6, 64, 51, 4, 37, 14, 48, 50, 51, 53, 57, 59, 60, 62, 64, 68, 70 ],
					"live.step[2]" : [ 2, 24, 7, 16, 11, 1, 12, 0, 24, 109.999999999999773, 125.400000000001, 0, 0, 119, 74, 4, 76, 42, 121, 74, 4, 0, 30, 123, 74, 4, 76, 5, 124, 74, 4, 39, -6, 119, 74, 4, 82, -16, 121, 74, 4, 75, -62, 123, 74, 4, 47, 10, 124, 74, 4, 58, 77, 119, 74, 4, 36, 11, 121, 74, 4, 79, 13, 123, 74, 4, 66, -18, 124, 74, 4, 48, 33, 119, 74, 4, 34, 11, 121, 74, 4, 33, -3, 123, 74, 4, 33, 6, 124, 74, 4, 32, 14, 119, 74, 4, 89, -9, 121, 74, 4, 34, 57, 123, 74, 4, 55, -52, 124, 74, 4, 91, -72, 119, 74, 4, 24, 23, 121, 74, 4, 71, 26, 123, 74, 4, 60, -43, 124, 74, 4, 42, -95, 60, 62, 63, 67, 70, 74, 79, 1, 12, 0, 16, 52.0, 65.0, 0, 0, 57, 0, 4, 0, 42, 57, 27, 4, 18, 30, 59, 25, 4, 18, 5, 55, 31, 4, 27, -6, 59, 66, 4, 48, -16, 57, 43, 4, 0, -62, 52, 37, 4, 0, 10, 52, 0, 4, 0, 77, 59, 70, 4, 42, 11, 59, 0, 4, 0, 13, 57, 47, 4, 42, -18, 62, 25, 4, 63, 33, 55, 0, 4, 0, 11, 55, 53, 4, 44, -3, 55, 0, 4, 0, 6, 64, 51, 4, 37, 14, 48, 50, 51, 53, 57, 59, 60, 62, 64, 68, 70 ],
					"number" : [ 24 ],
					"number[1]" : [ 1 ],
					"number[2]" : [ 4 ],
					"number[4]" : [ 4 ],
					"umenu" : [ 1 ],
					"umenu[1]" : [ 0 ]
				}

			}

		}

	}

}
